text,is_lure,key,yes_key,rt,subject
Kiwi,correct,a,a,1.7584849965314788,4
beobachten,neutral,l,a,1.1271158606923564,4
Obstkor,correct,a,a,0.856930252035454,4
Pfirsich,correct,a,a,0.7115281820533709,4
Chip,neutral,l,a,0.7869856349316251,4
Apfel,correct,a,a,0.5991965579669339,4
Fliege,neutral,l,a,0.7796228707957198,4
Pasta,neutral,l,a,0.6842813566145196,4
reif,correct,l,a,0.7114033755242417,4
Auto,lure,a,a,1.2568850917778036,4
Zitrone,correct,a,a,2.1438530731556966,4
Dinosaurier,neutral,l,a,0.6873284423400037,4
Eisen,neutral,l,a,0.6197206632805319,4
Tomate,correct,a,a,0.8497501816673321,4
Orange,correct,a,a,0.8602565102610242,4
Frucht,lure,a,a,1.6815208332463951,4
Saft,correct,a,a,0.7098375462392141,4
Achtung,neutral,l,a,0.628043698707188,4
Fenster,neutral,l,a,0.9428033024469188,4
Kirsche,correct,a,a,0.7776592206992063,4
Bier,neutral,l,a,0.599906805651699,4
Fuss,lure,a,a,0.7919602425517951,4
Beere,correct,a,a,0.8900803442029428,4
Pastrami,neutral,l,a,0.5841885728132183,4
Banane,correct,a,a,0.6085110663152591,4
Lexikon,neutral,l,a,0.5833145165579481,4
Sibirien,neutral,l,a,0.6590182981162798,4
