text,is_lure,key,yes_key,rt,subject
Kirsche,correct,l,l,2.139249449188356,7
reif,correct,l,l,0.7850154982006643,7
Zitrone,correct,l,l,0.6528458698885515,7
Pfirsich,correct,l,l,0.7552336362277856,7
Tomate,correct,l,l,0.9453868049749872,7
Banane,correct,l,l,0.7295611066947458,7
Achtung,neutral,a,l,0.6615101508068619,7
Pasta,neutral,a,l,0.7688634139922215,7
Chip,neutral,a,l,0.7036131676577497,7
Bier,neutral,a,l,0.6139699341729283,7
Fliege,neutral,a,l,0.6434656952624209,7
Beere,correct,l,l,0.7090871457185131,7
Pastrami,neutral,a,l,0.8128455448604655,7
Fenster,neutral,a,l,0.8639096348924795,7
Saft,correct,l,l,0.7064882890990702,7
Apfel,correct,l,l,1.4945786234311529,7
Orange,correct,l,l,1.6958615015028045,7
Auto,lure,a,l,1.850322622587555,7
Fuss,lure,a,l,2.416999524444691,7
Kiwi,correct,l,l,1.0327104402385885,7
Obstkor,correct,l,l,0.6866378484410234,7
Sibirien,neutral,a,l,0.8195776826032671,7
beobachten,neutral,a,l,0.793718268032535,7
Lexikon,neutral,a,l,0.7754189303814201,7
Dinosaurier,neutral,a,l,0.8236981340596685,7
Eisen,neutral,a,l,0.7956991638493491,7
Frucht,lure,a,l,0.8363036791997729,7
